"radius_mean","texture_mean","perimeter_mean","area_mean","smoothness_mean","compactness_mean","concavity_mean","concave points_mean","symmetry_mean","fractal_dimension_mean","radius_se","texture_se","perimeter_se","area_se","smoothness_se","compactness_se","concavity_se","concave points_se","symmetry_se","fractal_dimension_se","radius_worst","texture_worst","perimeter_worst","area_worst","smoothness_worst","compactness_worst","concavity_worst","concave points_worst","symmetry_worst","fractal_dimension_worst",
19.21,18.57,125.5,1152,0.1053,0.1267,0.1323,0.08994,0.1917,0.05961,0.7275,1.193,4.837,102.5,0.006458,0.02306,0.02945,0.01538,0.01852,0.002608,26.14,28.14,170.1,2145,0.1624,0.3511,0.3879,0.2091,0.3537,0.08294
14.71,21.59,95.55,656.9,0.1137,0.1365,0.1293,0.08123,0.2027,0.06758,0.4226,1.15,2.735,40.09,0.003659,0.02855,0.02572,0.01272,0.01817,0.004108,17.87,30.7,115.7,985.5,0.1368,0.429,0.3587,0.1834,0.3698,0.1094
13.05,19.31,82.61,527.2,0.0806,0.03789,0.000692,0.004167,0.1819,0.05501,0.404,1.214,2.595,32.96,0.007491,0.008593,0.000692,0.004167,0.0219,0.00299,14.23,22.25,90.24,624.1,0.1021,0.06191,0.001845,0.01111,0.2439,0.06289
8.618,11.79,54.34,224.5,0.09752,0.05272,0.02061,0.007799,0.1683,0.07187,0.1559,0.5796,1.046,8.322,0.01011,0.01055,0.01981,0.005742,0.0209,0.002788,9.507,15.4,59.9,274.9,0.1733,0.1239,0.1168,0.04419,0.322,0.09026
11.2,29.37,70.67,386,0.07449,0.03558,0,0,0.106,0.05502,0.3141,3.896,2.041,22.81,0.007594,0.008878,0,0,0.01989,0.001773,11.92,38.3,75.19,439.6,0.09267,0.05494,0,0,0.1566,0.05905
15.22,30.62,103.4,716.9,0.1048,0.2087,0.255,0.09429,0.2128,0.07152,0.2602,1.205,2.362,22.65,0.004625,0.04844,0.07359,0.01608,0.02137,0.006142,17.52,42.79,128.7,915,0.1417,0.7917,1.17,0.2356,0.4089,0.1409
